Workbook

Sheet داده‌ها
A1: تاریخ | B1: محصول | C1: دسته‌بندی | D1: فروشنده | E1: تعداد | F1: فروش | G1: هزینه | H1: سود
A2: 46027 | B2: Laptop Pro | C2: Electronics | D2: Sara | E2: 2 | F2: 1840 | G2: 1380 | H2: 460
A3: 46036 | B3: Monitor 27 | C3: Electronics | D3: Ali | E3: 5 | F3: 1800 | G3: 1275 | H3: 525
A4: 46045 | B4: Office Chair | C4: Furniture | D4: Nima | E4: 8 | F4: 2320 | G4: 1640 | H4: 680
A5: 46054 | B5: Standing Desk | C5: Furniture | D5: Mina | E5: 2 | F5: 1020 | G5: 740 | H5: 280
A6: 46063 | B6: Keyboard | C6: Accessories | D6: Sara | E6: 5 | F6: 475 | G6: 270 | H6: 205
A7: 46072 | B7: Mouse | C7: Accessories | D7: Ali | E7: 8 | F7: 520 | G7: 248 | H7: 272
A8: 46081 | B8: Laptop Pro | C8: Electronics | D8: Nima | E8: 2 | F8: 1840 | G8: 1380 | H8: 460
A9: 46090 | B9: Monitor 27 | C9: Electronics | D9: Mina | E9: 5 | F9: 1800 | G9: 1275 | H9: 525
A10: 46099 | B10: Office Chair | C10: Furniture | D10: Sara | E10: 8 | F10: 2320 | G10: 1640 | H10: 680
A11: 46108 | B11: Standing Desk | C11: Furniture | D11: Ali | E11: 2 | F11: 1020 | G11: 740 | H11: 280
A12: 46117 | B12: Keyboard | C12: Accessories | D12: Nima | E12: 5 | F12: 475 | G12: 270 | H12: 205
A13: 46126 | B13: Mouse | C13: Accessories | D13: Mina | E13: 8 | F13: 520 | G13: 248 | H13: 272
... A37: 46342 | B37: Mouse | C37: Accessories | D37: Mina | E37: 8 | F37: 520 | G37: 248 | H37: 272

Sheet موجودی
A1: محصول | B1: دسته‌بندی | C1: موجودی اولیه | D1: تعداد فروخته‌شده | E1: موجودی فعلی | F1: حد سفارش | G1: وضعیت | H1: بهای واحد | I1: ارزش موجودی
A2: Laptop Pro | B2: Electronics | C2: 47 | D2: 12 | E2: 35 | F2: 25 | G2: IN STOCK | H2: 690 | I2: 24150
A3: Monitor 27 | B3: Electronics | C3: 72 | D3: 30 | E3: 42 | F3: 25 | G3: IN STOCK | H3: 255 | I3: 10710
A4: Office Chair | B4: Furniture | C4: 97 | D4: 48 | E4: 49 | F4: 25 | G4: IN STOCK | H4: 205 | I4: 10045
A5: Standing Desk | B5: Furniture | C5: 68 | D5: 12 | E5: 56 | F5: 25 | G5: IN STOCK | H5: 370 | I5: 20720
A6: Keyboard | B6: Accessories | C6: 93 | D6: 30 | E6: 63 | F6: 25 | G6: IN STOCK | H6: 54 | I6: 3402
A7: Mouse | B7: Accessories | C7: 118 | D7: 48 | E7: 70 | F7: 25 | G7: IN STOCK | H7: 31 | I7: 2170

Sheet داشبورد مدیریتی
A1: HMexcelpro | داشبورد عملکرد کسب‌وکار
A4: کل فروش | D4: کل سود | G4: حاشیه سود | J4: تعداد فروش
A5: =SUM(داده‌ها!F2:F37) -> 47850 | D5: =SUM(داده‌ها!H2:H37) -> 14532 | G5: =IFERROR(SUM(داده‌ها!H2:H37)/SUM(داده‌ها!F2:F37),0) -> 0.30369906 | J5: =SUM(داده‌ها!E2:E37) -> 180
A9: ماه | B9: فروش | C9: سود | E9: دسته‌بندی | F9: فروش | G9: سود | I9: فروشنده | J9: فروش | K9: سود
A10: 46023 | B10: =SUMIFS(داده‌ها!$F$2:$F$37,داده‌ها!$A$2:$A$37,">="&A10,داده‌ها!$A$2:$A$37,"<"&EDATE(A10,1)) -> 5960 | C10: =SUMIFS(داده‌ها!$H$2:$H$37,داده‌ها!$A$2:$A$37,">="&A10,داده‌ها!$A$2:$A$37,"<"&EDATE(A10,1)) -> 1665 | E10: Electronics | F10: =SUMIF(داده‌ها!$C$2:$C$37,E10,داده‌ها!$F$2:$F$37) -> 21840 | G10: =SUMIF(داده‌ها!$C$2:$C$37,E10,داده‌ها!$H$2:$H$37) -> 5910 | I10: Sara | J10: =SUMIF(داده‌ها!$D$2:$D$37,I10,داده‌ها!$F$2:$F$37) -> 13905 | K10: =SUMIF(داده‌ها!$D$2:$D$37,I10,داده‌ها!$H$2:$H$37) -> 4035
A11: 46054 | B11: =SUMIFS(داده‌ها!$F$2:$F$37,داده‌ها!$A$2:$A$37,">="&A11,داده‌ها!$A$2:$A$37,"<"&EDATE(A11,1)) -> 3855 | C11: =SUMIFS(داده‌ها!$H$2:$H$37,داده‌ها!$A$2:$A$37,">="&A11,داده‌ها!$A$2:$A$37,"<"&EDATE(A11,1)) -> 1217 | E11: Furniture | F11: =SUMIF(داده‌ها!$C$2:$C$37,E11,داده‌ها!$F$2:$F$37) -> 20040 | G11: =SUMIF(داده‌ها!$C$2:$C$37,E11,داده‌ها!$H$2:$H$37) -> 5760 | I11: Ali | J11: =SUMIF(داده‌ها!$D$2:$D$37,I11,داده‌ها!$F$2:$F$37) -> 10020 | K11: =SUMIF(داده‌ها!$D$2:$D$37,I11,داده‌ها!$H$2:$H$37) -> 3231
A12: 46082 | B12: =SUMIFS(داده‌ها!$F$2:$F$37,داده‌ها!$A$2:$A$37,">="&A12,داده‌ها!$A$2:$A$37,"<"&EDATE(A12,1)) -> 5140 | C12: =SUMIFS(داده‌ها!$H$2:$H$37,داده‌ها!$A$2:$A$37,">="&A12,داده‌ها!$A$2:$A$37,"<"&EDATE(A12,1)) -> 1485 | E12: Accessories | F12: =SUMIF(داده‌ها!$C$2:$C$37,E12,داده‌ها!$F$2:$F$37) -> 5970 | G12: =SUMIF(داده‌ها!$C$2:$C$37,E12,داده‌ها!$H$2:$H$37) -> 2862 | I12: Nima | J12: =SUMIF(داده‌ها!$D$2:$D$37,I12,داده‌ها!$F$2:$F$37) -> 13905 | K12: =SUMIF(داده‌ها!$D$2:$D$37,I12,داده‌ها!$H$2:$H$37) -> 4035
A13: 46113 | B13: =SUMIFS(داده‌ها!$F$2:$F$37,داده‌ها!$A$2:$A$37,">="&A13,داده‌ها!$A$2:$A$37,"<"&EDATE(A13,1)) -> 2835 | C13: =SUMIFS(داده‌ها!$H$2:$H$37,داده‌ها!$A$2:$A$37,">="&A13,داده‌ها!$A$2:$A$37,"<"&EDATE(A13,1)) -> 937 | I13: Mina | J13: =SUMIF(داده‌ها!$D$2:$D$37,I13,داده‌ها!$F$2:$F$37) -> 10020 | K13: =SUMIF(داده‌ها!$D$2:$D$37,I13,داده‌ها!$H$2:$H$37) -> 3231
A14: 46143 | B14: =SUMIFS(داده‌ها!$F$2:$F$37,داده‌ها!$A$2:$A$37,">="&A14,داده‌ها!$A$2:$A$37,"<"&EDATE(A14,1)) -> 5615 | C14: =SUMIFS(داده‌ها!$H$2:$H$37,داده‌ها!$A$2:$A$37,">="&A14,داده‌ها!$A$2:$A$37,"<"&EDATE(A14,1)) -> 1690
A15: 46174 | B15: =SUMIFS(داده‌ها!$F$2:$F$37,داده‌ها!$A$2:$A$37,">="&A15,داده‌ها!$A$2:$A$37,"<"&EDATE(A15,1)) -> 4160 | C15: =SUMIFS(داده‌ها!$H$2:$H$37,داده‌ها!$A$2:$A$37,">="&A15,داده‌ها!$A$2:$A$37,"<"&EDATE(A15,1)) -> 1257 | E15: نمای کلی موجودی
A16: 46204 | B16: =SUMIFS(داده‌ها!$F$2:$F$37,داده‌ها!$A$2:$A$37,">="&A16,داده‌ها!$A$2:$A$37,"<"&EDATE(A16,1)) -> 4335 | C16: =SUMIFS(داده‌ها!$H$2:$H$37,داده‌ها!$A$2:$A$37,">="&A16,داده‌ها!$A$2:$A$37,"<"&EDATE(A16,1)) -> 1437 | E16: ارزش کل موجودی | G16: =SUM(موجودی!I2:I7) -> 71197
A17: 46235 | B17: =SUMIFS(داده‌ها!$F$2:$F$37,داده‌ها!$A$2:$A$37,">="&A17,داده‌ها!$A$2:$A$37,"<"&EDATE(A17,1)) -> 5960 | C17: =SUMIFS(داده‌ها!$H$2:$H$37,داده‌ها!$A$2:$A$37,">="&A17,داده‌ها!$A$2:$A$37,"<"&EDATE(A17,1)) -> 1665 | E17: اقلام کم‌موجود | G17: =COUNTIF(موجودی!G2:G7,"LOW STOCK") -> 0
A18: 46266 | B18: =SUMIFS(داده‌ها!$F$2:$F$37,داده‌ها!$A$2:$A$37,">="&A18,داده‌ها!$A$2:$A$37,"<"&EDATE(A18,1)) -> 2015 | C18: =SUMIFS(داده‌ها!$H$2:$H$37,داده‌ها!$A$2:$A$37,">="&A18,داده‌ها!$A$2:$A$37,"<"&EDATE(A18,1)) -> 757 | E18: تعداد محصولات | G18: =COUNTA(موجودی!A2:A7) -> 6
A19: 46296 | B19: =SUMIFS(داده‌ها!$F$2:$F$37,داده‌ها!$A$2:$A$37,">="&A19,داده‌ها!$A$2:$A$37,"<"&EDATE(A19,1)) -> 6980 | C19: =SUMIFS(داده‌ها!$H$2:$H$37,داده‌ها!$A$2:$A$37,">="&A19,داده‌ها!$A$2:$A$37,"<"&EDATE(A19,1)) -> 1945
A20: 46327 | B20: =SUMIFS(داده‌ها!$F$2:$F$37,داده‌ها!$A$2:$A$37,">="&A20,داده‌ها!$A$2:$A$37,"<"&EDATE(A20,1)) -> 995 | C20: =SUMIFS(داده‌ها!$H$2:$H$37,داده‌ها!$A$2:$A$37,">="&A20,داده‌ها!$A$2:$A$37,"<"&EDATE(A20,1)) -> 477
A21: 46357 | B21: =SUMIFS(داده‌ها!$F$2:$F$37,داده‌ها!$A$2:$A$37,">="&A21,داده‌ها!$A$2:$A$37,"<"&EDATE(A21,1)) -> 0 | C21: =SUMIFS(داده‌ها!$H$2:$H$37,داده‌ها!$A$2:$A$37,">="&A21,داده‌ها!$A$2:$A$37,"<"&EDATE(A21,1)) -> 0

Sheet ورود داده
A1: ورود اطلاعات فروش
A4: تاریخ | B4: محصول | C4: دسته‌بندی | D4: فروشنده | E4: تعداد | F4: فروش | G4: هزینه | H4: سود

Sheet راهنما
A1: راهنمای داشبورد کسب‌وکار HMexcelpro
A4: هدف | B4: نمونه‌کار حرفه‌ای Excel برای تحلیل فروش، سود، عملکرد فروشنده‌ها و موجودی.
A5: داده‌ها | B5: داده‌های آزمایشی فروش و هزینه در این شیت قرار دارد.
A6: موجودی | B6: موجودی فعلی، حد سفارش و ارزش موجودی را نمایش می‌دهد.
A7: داشبورد | B7: KPIها، روند ماهانه، دسته‌بندی‌ها، فروشنده‌ها و وضعیت موجودی را نمایش می‌دهد.
A8: ورود داده | B8: بخش ساختاریافته برای آماده‌سازی رکوردهای جدید فروش.
A9: نکته | B9: داده‌های این فایل آزمایشی و مخصوص نمونه‌کار هستند.
